id_actividad,nombre,direccion,fecha_hora
1,Ship broker,"USS Larson
FPO AA 32546",9/13/2024 23:52
2,"Therapist, horticultural","4674 Oliver Loaf
Jenniferfurt, MA 27283",7/31/2024 21:49
3,Futures trader,"Unit 4672 Box 8731
DPO AP 67423",9/2/2024 12:00
4,Travel agency manager,"5212 Cook Parkways Apt. 788
Lake Ethan, IN 07408",10/10/2024 8:24
5,Horticultural consultant,"27058 Marshall Branch
North Shannonside, DC 13231",5/11/2024 14:27
6,"Education officer, community","12098 Alvarado Canyon Apt. 953
North Richardport, DC 28638",1/27/2024 12:05
7,Clinical molecular geneticist,"1575 Hector Mountains
Port Angiehaven, WV 80513",9/12/2024 19:40
8,"Teacher, music","89395 Booker Cliffs
Hernandezport, ND 09468",10/15/2024 9:23
9,Careers adviser,"USNS Kelly
FPO AA 93391",6/27/2024 16:19
10,Personnel officer,"1711 Bryan River
South Eileen, WV 45984",4/28/2024 14:57
11,"Surveyor, insurance","4553 Hill Curve
Port Jacobhaven, MI 46085",7/4/2024 0:53
12,Tour manager,"USNS Cole
FPO AE 37460",10/28/2024 4:18
13,Barrister,"78939 Tran Extension Suite 671
New Amberton, HI 10170",6/27/2024 4:28
14,Clinical biochemist,"PSC 9598, Box 4344
APO AE 84750",8/8/2024 9:03
15,"Geologist, engineering","779 John Pass
Kingfurt, AK 75166",5/2/2024 16:36
16,Contractor,"499 Harris Route Apt. 028
Lake Ryanmouth, LA 38345",8/5/2024 13:11
17,Retail buyer,"83020 Smith Underpass Suite 371
Farmerside, LA 79554",10/16/2024 17:30
18,Dramatherapist,"37209 Scott Haven Apt. 042
Port Yolanda, SD 31102",9/30/2024 19:01
19,Audiological scientist,"1195 Hughes Overpass Suite 506
East Kaitlyn, MT 25661",9/3/2024 10:18
20,"Engineer, communications","4480 Patrick Light Apt. 902
Port Kathleenshire, SC 15423",7/22/2024 8:03
21,Ambulance person,"PSC 7047, Box 9323
APO AE 14591",6/29/2024 2:19
22,Arboriculturist,"1509 Peterson Lock Suite 556
Cindyborough, AR 49886",8/14/2024 19:03
23,Barrister,"0273 Wright Green Suite 730
Wardfurt, WV 81121",6/27/2024 15:07
24,Magazine features editor,"Unit 7353 Box 7543
DPO AP 94549",9/2/2024 8:14
25,Television floor manager,"3752 James Drive
Mccoyshire, LA 71086",10/22/2024 19:25
26,"Administrator, arts","6247 Dustin Lodge
Coxstad, AL 00993",9/14/2024 10:06
27,Trading standards officer,"81892 Lee Village
Ashleyton, MN 49685",11/2/2024 0:19
28,Patent examiner,"71634 Heather Drive
Port Denisemouth, MN 68982",2/15/2024 21:49
29,"Lighting technician, broadcasting/film/video","56362 Bernard Ways
Hodgeberg, KY 91224",5/31/2024 17:04
30,Call centre manager,"90528 Karen Bridge
Anthonyland, ND 14233",5/17/2024 15:08
